rmse,filter
3.88077974319458,jpl
2.98604202335918,rean
