,rmse,exp_filter
0,1.7183988838120463,rf
1,5.31412351705421,ground_t
2,3.771569865421713,df
