,rmse,exp_filter
0,2.1781260987459037,rf
1,4.56123917742986,ground_t
2,3.771569865421713,df
