,rmse,exp_filter
0,1.786091065068628,rf
1,4.640668079913252,ground_t
2,3.771569865421713,df
