,rmse,exp_filter
0,1.7574376896956636,rf
1,1.3035376352013541,rf_train
2,5.412446617813995,ground_t
3,3.771569865421713,df
