,rmse,exp_filter
0,2.213558388631154,rf
1,3.856643518382538,ground_t
2,3.771569865421713,df
