,rmse,exp_filter
0,1.8068079560464498,rf
1,4.066140099018769,ground_t
2,3.771569865421713,df
