,rmse,exp_filter
0,1.8912353081336761,rf
1,4.537922731060273,ground_t
2,3.771569865421713,df
