,rmse,exp_filter
0,2.0694715074485885,rf
1,5.266694846686796,ground_t
2,3.771569865421713,df
