,rmse,exp_filter
0,1.9015483307172296,rf
1,4.140369195347281,ground_t
2,3.771569865421713,df
