,rmse,exp_filter
0,1.9011369193328145,rf
1,3.037040478138429,ground_t
2,3.771569865421713,df
