,rmse,exp_filter
0,1.9362749206503937,rf
1,4.916900486981984,ground_t
2,3.771569865421713,df
