,rmse,exp_filter
0,1.7167804638781723,rf
1,4.29204162460922,ground_t
2,3.771569865421713,df
